{"name": null, "metadata": {"dist": 0.0, "dist_from_root": 0.0}, "children": [{"name": "12-GC12000553_S19", "metadata": {"dist": 8.522283280672827, "dist_from_root": 8.522283280672827}, "children": []}, {"name": null, "metadata": {"dist": 0.15375399765957987, "dist_from_root": 0.15375399765957987}, "children": [{"name": "12-GC12000553_S43", "metadata": {"dist": 8.368529283013247, "dist_from_root": 8.522283280672827}, "children": []}, {"name": null, "metadata": {"dist": 0.2699215858459798, "dist_from_root": 0.42367558350555967}, "children": [{"name": "5-GC11008747_S39", "metadata": {"dist": 8.098607697167267, "dist_from_root": 8.522283280672827}, "children": []}, {"name": null, "metadata": {"dist": 0.17372266240857748, "dist_from_root": 0.5973982459141371}, "children": [{"name": null, "metadata": {"dist": 1.0687576542053412, "dist_from_root": 1.6661559001194783}, "children": [{"name": "10-GC11016242_S42", "metadata": {"dist": 6.856127380553349, "dist_from_root": 8.522283280672827}, "children": []}, {"name": null, "metadata": {"dist": 0.056401963142391764, "dist_from_root": 1.72255786326187}, "children": [{"name": "1-GC11003378_S11", "metadata": {"dist": 6.799725417410957, "dist_from_root": 8.522283280672827}, "children": []}, {"name": null, "metadata": {"dist": 0.11812277744634692, "dist_from_root": 1.840680640708217}, "children": [{"name": "2-GC11003658_S12", "metadata": {"dist": 6.68160263996461, "dist_from_root": 8.522283280672827}, "children": []}, {"name": null, "metadata": {"dist": 0.17707757783798872, "dist_from_root": 2.0177582185462057}, "children": [{"name": "10-GC11016242_S18", "metadata": {"dist": 6.504525062126621, "dist_from_root": 8.522283280672827}, "children": []}, {"name": null, "metadata": {"dist": 0.3099700831018959, "dist_from_root": 2.3277283016481016}, "children": [{"name": "2-GC11003658_S36", "metadata": {"dist": 6.194554979024725, "dist_from_root": 8.522283280672827}, "children": []}, {"name": null, "metadata": {"dist": 0.6186036962015189, "dist_from_root": 2.9463319978496205}, "children": [{"name": "14-GC12004102_S45", "metadata": {"dist": 5.5759512828232065, "dist_from_root": 8.522283280672827}, "children": []}, {"name": null, "metadata": {"dist": 0.3891808877747813, "dist_from_root": 3.335512885624402}, "children": [{"name": null, "metadata": {"dist": 2.204275009363574, "dist_from_root": 5.539787894987976}, "children": [{"name": null, "metadata": {"dist": 0.696542688470843, "dist_from_root": 6.236330583458819}, "children": [{"name": "16T004165_S8", "metadata": {"dist": 2.2859526972140083, "dist_from_root": 8.522283280672827}, "children": []}, {"name": "6-GC11010757_S16", "metadata": {"dist": 2.2859526972140083, "dist_from_root": 8.522283280672827}, "children": []}]}, {"name": null, "metadata": {"dist": 0.08434761903457222, "dist_from_root": 5.624135514022548}, "children": [{"name": "16T005063_S1", "metadata": {"dist": 2.898147766650279, "dist_from_root": 8.522283280672827}, "children": []}, {"name": null, "metadata": {"dist": 0.29114396476710347, "dist_from_root": 5.915279478789651}, "children": [{"name": "16T004567_S33", "metadata": {"dist": 2.6070038018831756, "dist_from_root": 8.522283280672827}, "children": []}, {"name": null, "metadata": {"dist": 0.4786722310590559, "dist_from_root": 6.393951709848707}, "children": [{"name": "NC_S48", "metadata": {"dist": 2.1283315708241197, "dist_from_root": 8.522283280672827}, "children": []}, {"name": null, "metadata": {"dist": 0.6648346091258723, "dist_from_root": 7.05878631897458}, "children": [{"name": "16T004567_S9", "metadata": {"dist": 1.4634969616982474, "dist_from_root": 8.522283280672827}, "children": []}, {"name": "NC_S24", "metadata": {"dist": 1.4634969616982474, "dist_from_root": 8.522283280672827}, "children": []}]}]}]}]}]}, {"name": null, "metadata": {"dist": 0.4118787395760206, "dist_from_root": 3.7473916252004225}, "children": [{"name": "16T005045_S10", "metadata": {"dist": 4.774891655472405, "dist_from_root": 8.522283280672827}, "children": []}, {"name": "16T005045_S34", "metadata": {"dist": 4.774891655472405, "dist_from_root": 8.522283280672827}, "children": []}]}]}]}]}]}]}]}]}, {"name": null, "metadata": {"dist": 0.4161734788191662, "dist_from_root": 1.0135717247333034}, "children": [{"name": "1-GC11003378_S35", "metadata": {"dist": 7.508711555939524, "dist_from_root": 8.522283280672827}, "children": []}, {"name": null, "metadata": {"dist": 0.5319592232783883, "dist_from_root": 1.5455309480116917}, "children": [{"name": "5-GC11008747_S15", "metadata": {"dist": 6.976752332661135, "dist_from_root": 8.522283280672827}, "children": []}, {"name": null, "metadata": {"dist": 0.1221218299936524, "dist_from_root": 1.667652778005344}, "children": [{"name": "4-GC11008630_S38", "metadata": {"dist": 6.854630502667483, "dist_from_root": 8.522283280672827}, "children": []}, {"name": null, "metadata": {"dist": 0.17278476272159615, "dist_from_root": 1.8404375407269402}, "children": [{"name": null, "metadata": {"dist": 0.8518598400768473, "dist_from_root": 2.6922973808037876}, "children": [{"name": null, "metadata": {"dist": 0.668922776664675, "dist_from_root": 3.3612201574684626}, "children": [{"name": "16T054994_S2", "metadata": {"dist": 5.1610631232043644, "dist_from_root": 8.522283280672827}, "children": []}, {"name": "16T054994_S26", "metadata": {"dist": 5.1610631232043644, "dist_from_root": 8.522283280672827}, "children": []}]}, {"name": null, "metadata": {"dist": 0.14854306257483874, "dist_from_root": 2.8408404433786263}, "children": [{"name": "7-GC11012269_S17", "metadata": {"dist": 5.681442837294201, "dist_from_root": 8.522283280672827}, "children": []}, {"name": null, "metadata": {"dist": 0.3616535280982891, "dist_from_root": 3.2024939714769154}, "children": [{"name": null, "metadata": {"dist": 0.32009733889081105, "dist_from_root": 3.5225913103677264}, "children": [{"name": "7-GC11012269_S41", "metadata": {"dist": 4.999691970305101, "dist_from_root": 8.522283280672827}, "children": []}, {"name": null, "metadata": {"dist": 1.2870583077684898, "dist_from_root": 4.809649618136216}, "children": [{"name": "3-GC11007653_S13", "metadata": {"dist": 3.7126336625366108, "dist_from_root": 8.522283280672827}, "children": []}, {"name": "3-GC11007653_S37", "metadata": {"dist": 3.7126336625366108, "dist_from_root": 8.522283280672827}, "children": []}]}]}, {"name": null, "metadata": {"dist": 0.20714106823227318, "dist_from_root": 3.4096350397091886}, "children": [{"name": null, "metadata": {"dist": 0.517759691701742, "dist_from_root": 3.9273947314109305}, "children": [{"name": null, "metadata": {"dist": 1.2293233158427013, "dist_from_root": 5.156718047253632}, "children": [{"name": "17T027633_S30", "metadata": {"dist": 3.3655652334191952, "dist_from_root": 8.522283280672827}, "children": []}, {"name": "17T027633_S6", "metadata": {"dist": 3.3655652334191952, "dist_from_root": 8.522283280672827}, "children": []}]}, {"name": null, "metadata": {"dist": 0.2717348808221045, "dist_from_root": 4.199129612233035}, "children": [{"name": null, "metadata": {"dist": 0.9440533817510417, "dist_from_root": 5.143182993984077}, "children": [{"name": "16T005063_S25", "metadata": {"dist": 3.3791002866887503, "dist_from_root": 8.522283280672827}, "children": []}, {"name": null, "metadata": {"dist": 1.6012258445247376, "dist_from_root": 6.744408838508814}, "children": [{"name": "17T045640_S31", "metadata": {"dist": 1.7778744421640127, "dist_from_root": 8.522283280672827}, "children": []}, {"name": "17T045640_S7", "metadata": {"dist": 1.7778744421640127, "dist_from_root": 8.522283280672827}, "children": []}]}]}, {"name": null, "metadata": {"dist": 0.295578442144957, "dist_from_root": 4.494708054377992}, "children": [{"name": "14-GC12004102_S21", "metadata": {"dist": 4.027575226294835, "dist_from_root": 8.522283280672827}, "children": []}, {"name": null, "metadata": {"dist": 0.04181574975167823, "dist_from_root": 4.53652380412967}, "children": [{"name": "17T026263-2_S5", "metadata": {"dist": 3.9857594765431568, "dist_from_root": 8.522283280672827}, "children": []}, {"name": null, "metadata": {"dist": 0.1557709813335304, "dist_from_root": 4.692294785463201}, "children": [{"name": "17T026263-2_S29", "metadata": {"dist": 3.8299884952096264, "dist_from_root": 8.522283280672827}, "children": []}, {"name": null, "metadata": {"dist": 0.26593660238689054, "dist_from_root": 4.958231387850091}, "children": [{"name": "6-GC11010757_S40", "metadata": {"dist": 3.564051892822736, "dist_from_root": 8.522283280672827}, "children": []}, {"name": null, "metadata": {"dist": 0.2328377422614114, "dist_from_root": 5.191069130111503}, "children": [{"name": "16T004165_S32", "metadata": {"dist": 3.3312141505613244, "dist_from_root": 8.522283280672827}, "children": []}, {"name": null, "metadata": {"dist": 0.47436681733424635, "dist_from_root": 5.665435947445749}, "children": [{"name": "17T026263-1_S28", "metadata": {"dist": 2.856847333227078, "dist_from_root": 8.522283280672827}, "children": []}, {"name": null, "metadata": {"dist": 0.6426371465841445, "dist_from_root": 6.3080730940298935}, "children": [{"name": "17T026263-1_S4", "metadata": {"dist": 2.2142101866429336, "dist_from_root": 8.522283280672827}, "children": []}, {"name": null, "metadata": {"dist": 1.4718214260194982, "dist_from_root": 7.779894520049392}, "children": [{"name": "ACD1-1-10_S23", "metadata": {"dist": 0.7423887606234354, "dist_from_root": 8.522283280672827}, "children": []}, {"name": "ACD1-1-10_S47", "metadata": {"dist": 0.7423887606234354, "dist_from_root": 8.522283280672827}, "children": []}]}]}]}]}]}]}]}]}]}]}, {"name": null, "metadata": {"dist": 0.34349619876578075, "dist_from_root": 3.7531312384749693}, "children": [{"name": "13-GC12003748_S20", "metadata": {"dist": 4.769152042197858, "dist_from_root": 8.522283280672827}, "children": []}, {"name": "13-GC12003748_S44", "metadata": {"dist": 4.769152042197858, "dist_from_root": 8.522283280672827}, "children": []}]}]}]}]}]}, {"name": null, "metadata": {"dist": 0.3046488056598937, "dist_from_root": 2.145086346386834}, "children": [{"name": null, "metadata": {"dist": 0.5552386831474658, "dist_from_root": 2.7003250295342998}, "children": [{"name": "18-GC12010802_S22", "metadata": {"dist": 5.821958251138527, "dist_from_root": 8.522283280672827}, "children": []}, {"name": "18-GC12010802_S46", "metadata": {"dist": 5.821958251138527, "dist_from_root": 8.522283280672827}, "children": []}]}, {"name": null, "metadata": {"dist": 0.2964691816947518, "dist_from_root": 2.4415555280815857}, "children": [{"name": "4-GC11008630_S14", "metadata": {"dist": 6.080727752591241, "dist_from_root": 8.522283280672827}, "children": []}, {"name": null, "metadata": {"dist": 0.8877295175636197, "dist_from_root": 3.3292850456452054}, "children": [{"name": "17T021456_S27", "metadata": {"dist": 5.192998235027622, "dist_from_root": 8.522283280672827}, "children": []}, {"name": "17T021456_S3", "metadata": {"dist": 5.192998235027622, "dist_from_root": 8.522283280672827}, "children": []}]}]}]}]}]}]}]}]}]}]}]}